,MODEL,ACCURACY
0,Logistic Regression,0.9649122807017544
1,KNN,0.9298245614035088
2,SVM,0.9824561403508771
3,Decision Tree Classifier,0.9649122807017544
4,Random Forest Classifier,0.9649122807017544
5,Gradient Boost Classifier,0.9649122807017544
6,XGBoost Classifier,0.9385964912280702
